point_index,pokemon1_name,pokemon_avg_edge_weight
0,shedinja,-340.8555356625707
1,snom,-2.283699983382717
2,rattata-alola,-1.9583658034760458
3,blipbug,-1.9026643282262263
4,magikarp,-1.8725095373650897
5,pichu,-1.8367406740950438
6,zigzagoon-galar,-1.8066151642233135
7,wiglett,-1.776015169890386
8,feebas,-1.7505092877993886
9,weedle,-1.7408792716861874
10,happiny,-1.6747675577115602
11,toxel,-1.6520821051433277
12,diglett-alola,-1.6340198986302803
13,diglett,-1.5810598913845715
14,cosmog,-1.5459852676567278
15,onix,-1.532237271999184
16,sunkern,-1.503883905264898
17,combee,-1.4760422355683667
18,geodude,-1.4710279844612886
19,caterpie,-1.462389152019903
20,wishiwashi-solo,-1.3981451379111536
21,kakuna,-1.3724047753534676
22,scatterbug,-1.368103309059944
23,dreepy,-1.3555968516532513
24,wooper,-1.3191221069882195
25,smoochum,-1.293545918287039
26,abra,-1.2651045275630113
27,ralts,-1.2553727695478898
28,smeargle,-1.2510091531141405
29,ledyba,-1.2456740755843494
30,nickit,-1.241635302725749
31,carvanha,-1.2318007287229502
32,wingull,-1.22551393771783
33,hoppip,-1.2200035086444092
34,wurmple,-1.2083309251854228
35,flittle,-1.189720580625727
36,pawmi,-1.1717405627043407
37,metapod,-1.1702247709147282
38,silcoon,-1.1440482861098293
39,cascoon,-1.1440482861098293
40,ditto,-1.1088025072676437
41,kricketot,-1.102301562458565
42,nymble,-1.1005911233539367
43,applin,-1.099537302504277
44,larvitar,-1.0985815683588418
45,wimpod,-1.0773904594342913
46,spewpa,-1.0694724585563848
47,bounsweet,-1.0687944742193538
48,noibat,-1.06450377575497
49,tyrogue,-1.062457773148533
50,seedot,-1.0354394909603934
51,rolycoly,-1.026257799172792
52,poochyena,-1.0233968967070541
53,swinub,-1.0100287018974414
54,burmy,-0.9871920532287425
55,paras,-0.9699905215446141
56,nincada,-0.9604791092570356
57,cottonee,-0.9516034625223588
58,fomantis,-0.9498126325972605
59,shellder,-0.942390901275959
60,igglybuff,-0.9319228632787498
61,wooper-paldea,-0.9137297144247855
62,barboach,-0.9114940910076513
63,toedscool,-0.9049979375982282
64,rattata,-0.897995847231111
65,croagunk,-0.8836132714442005
66,venipede,-0.8820631292682942
67,bunnelby,-0.8805186717663765
68,azurill,-0.8688317818390194
69,whismur,-0.8589545053444033
70,horsea,-0.8506196175997629
71,rockruff-own-tempo,-0.8494256373195868
72,rockruff,-0.8494256373195868
73,tynamo,-0.8325090105534696
74,sentret,-0.8309505495350381
75,bramblin,-0.8301055437916502
76,zigzagoon,-0.8211941708113828
77,binacle,-0.8205546572023421
78,sewaddle,-0.8191971369970638
79,geodude-alola,-0.8129054483381061
80,unown,-0.8076686986431906
81,rhyhorn,-0.797577829378597
82,meowth-alola,-0.7945593009101154
83,wynaut,-0.7913873314527303
84,lotad,-0.7819971921483689
85,tarountula,-0.7735954965286749
86,salandit,-0.7694179043457784
87,spearow,-0.7667590590600174
88,smoliv,-0.7606586242555359
89,purrloin,-0.7577771952741316
90,starly,-0.7542040353072317
91,kabuto,-0.7540241658428624
92,cleffa,-0.7533524236721924
93,meowth,-0.7519542086697765
94,shroodle,-0.7442261076922327
95,taillow,-0.7382711815003644
96,vulpix-alola,-0.7352820805409881
97,roggenrola,-0.733779204272029
98,rookidee,-0.7309764327797562
99,amaura,-0.7179899970661133
100,cutiefly,-0.7153052964338289
101,wooloo,-0.7009890594110264
102,poliwag,-0.7007601712394768
103,zubat,-0.6942846746899706
104,lechonk,-0.6913760727171304
105,blitzle,-0.6911512850498645
106,treecko,-0.6858948234719421
107,varoom,-0.6806585851285173
108,arrokuda,-0.6791037855977747
109,helioptile,-0.6766547165807434
110,sandile,-0.6584460266099602
111,pidgey,-0.6572778770154212
112,sandshrew-alola,-0.6553767488181343
113,nacli,-0.6515592118666961
114,nidoran-m,-0.6379852629819744
115,milcery,-0.6326909227540201
116,yungoos,-0.6298053000499465
117,skiploom,-0.6208225321599092
118,impidimp,-0.6176613559458088
119,spinarak,-0.6141933429396786
120,sprigatito,-0.6064244580920335
121,steenee,-0.6037483829406078
122,gossifleur,-0.599756173943216
123,vanillite,-0.5978839985111165
124,shinx,-0.5970765242025454
125,patrat,-0.592119634709379
126,tympole,-0.5919660938192456
127,inkay,-0.5912845289573132
128,budew,-0.5881512518308293
129,capsakid,-0.5869523595314105
130,pikipek,-0.586060362856942
131,pikachu-phd,-0.5838421365869018
132,pikachu-cosplay,-0.5838421365869018
133,pikachu-rock-star,-0.5800176348916766
134,bellsprout,-0.5784037162431186
135,surskit,-0.577190686258039
136,tentacool,-0.5759356704669804
137,kirlia,-0.5742491541510687
138,meltan,-0.5716050743447338
139,nuzleaf,-0.5698282797023961
140,deino,-0.5685030231967698
141,graveler,-0.5682016342452445
142,snorunt,-0.5681562234865754
143,pikachu-libre,-0.5680142975242057
144,gimmighoul-roaming,-0.5668010563244498
145,tandemaus,-0.5665647288019658
146,pikachu-pop-star,-0.5653450840201
147,skitty,-0.5649405225735844
148,pikachu-world-cap,-0.5647139516343646
149,pidove,-0.5634950543364134
150,pikachu-belle,-0.5517849156017023
151,snivy,-0.5453658697770724
152,growlithe-hisui,-0.544166835912724
153,magnemite,-0.5440665917621677
154,charcadet,-0.5422534240128065
155,krabby,-0.5391774412128657
156,chansey,-0.5361609920882133
157,tirtouga,-0.5290747448979649
158,minccino,-0.5277946250177024
159,cherubi,-0.5276556450012708
160,aron,-0.5244963450894443
161,hoothoot,-0.5220204387525084
162,cosmoem,-0.5175003741026089
163,mime-jr,-0.5148589046670788
164,shieldon,-0.5143992748374648
165,delibird,-0.5107822684918436
166,grookey,-0.5102249848641002
167,baltoy,-0.509100847944518
168,froakie,-0.5076950845728581
169,pikachu-original-cap,-0.5076088904444251
170,pikachu-hoenn-cap,-0.5076088904444251
171,pikachu-unova-cap,-0.5076088904444251
172,pikachu-alola-cap,-0.5076088904444251
173,pikachu-partner-cap,-0.5076088904444251
174,pikachu,-0.507596283763503
175,pikachu-kalos-cap,-0.506402376876201
176,bagon,-0.5061705785256271
177,pikachu-sinnoh-cap,-0.5052182003526899
178,sobble,-0.5017998260720145
179,exeggcute,-0.4969545163272907
180,glameow,-0.49300430781532395
181,pansage,-0.4917800606312067
182,gible,-0.491406559693115
183,grubbin,-0.4910180093530119
184,nidoran-f,-0.48929860270392284
185,morelull,-0.48653372886917856
186,pyukumuku,-0.4852286215535544
187,cubchoo,-0.48503032224079984
188,bidoof,-0.48320892003798
189,marill,-0.4807169139442016
190,snover,-0.478646588706735
191,pawniard,-0.4767420164927203
192,gastly,-0.47659813975923815
193,buizel,-0.47153436484003663
194,goomy,-0.4632352550101241
195,fletchling,-0.46292929345697414
196,chewtle,-0.46223490279269747
197,petilil,-0.4584251102014637
198,ducklett,-0.4533724837115013
199,ekans,-0.4451110840533466
200,beldum,-0.4364639192880012
201,lillipup,-0.43619481918661285
202,wobbuffet,-0.43616554583229306
203,finizen,-0.4270711698995209
204,omanyte,-0.4260252564381597
205,hatenna,-0.42599481043712223
206,shuppet,-0.42486562378986137
207,meditite,-0.42376539073475006
208,luvdisc,-0.4228221235263024
209,makuhita,-0.42159884424320354
210,voltorb-hisui,-0.4183953755241988
211,swadloon,-0.41817739367571144
212,flabebe,-0.4153637629829497
213,meowth-galar,-0.4116388270992621
214,glimmet,-0.41158678023946754
215,electrike,-0.41148643038486094
216,voltorb,-0.40621304971687505
217,tinkatink,-0.39968509448192546
218,dratini,-0.39880622317821124
219,togepi,-0.3931310122459195
220,bergmite,-0.3913782663300378
221,rellor,-0.3886194961262263
222,skorupi,-0.3885839624783035
223,linoone-galar,-0.3875398789685958
224,jigglypuff,-0.3868126449092963
225,riolu,-0.3856817978029838
226,houndour,-0.3854366177626886
227,vulpix,-0.3778688539224611
228,zorua,-0.37714008582383685
229,shroomish,-0.3750254515594219
230,frigibax,-0.374304623548461
231,panpour,-0.3727814640017846
232,tadbulb,-0.36846687585923216
233,chikorita,-0.36787471936595406
234,wattrel,-0.365189506936605
235,remoraid,-0.3631561917789718
236,fidough,-0.36296662955263365
237,yamper,-0.36069732191773723
238,deerling,-0.3564330076889954
239,pawmo,-0.35386792473500206
240,vibrava,-0.3529897002386487
241,karrablast,-0.34996756392255196
242,sandshrew,-0.34975432673418094
243,mareanie,-0.3438687715799714
244,elekid,-0.3420340818664404
245,sneasel,-0.3403063082441446
246,jangmo-o,-0.33417667833845077
247,pineco,-0.3327030293184075
248,dewpider,-0.3271751336312324
249,spheal,-0.3203421515728725
250,slakoth,-0.31552580046215467
251,corphish,-0.31055163019408355
252,chingling,-0.31032799822551665
253,bulbasaur,-0.3032185112468905
254,venonat,-0.2984571827931531
255,rowlet,-0.296124864587641
256,gothita,-0.2924939883450156
257,mareep,-0.2898049861963341
258,palpitoad,-0.28943058092114254
259,goldeen,-0.28809362882356787
260,ledian,-0.2832986641346745
261,quaxly,-0.28186216879319376
262,silicobra,-0.2766746500786498
263,mankey,-0.2763036633568943
264,mantyke,-0.27413138091366096
265,dwebble,-0.26524269837169456
266,spoink,-0.26493831199600654
267,charmander,-0.26482182898409556
268,bonsly,-0.2644747926763429
269,slugma,-0.26236430751855583
270,sizzlipede,-0.25829990102098255
271,skwovet,-0.25641454072578507
272,staryu,-0.2549367238979615
273,chespin,-0.2528481018657203
274,scorbunny,-0.2492967977053205
275,litten,-0.24870486993205937
276,klink,-0.24827075325589532
277,fennekin,-0.24758051214213253
278,oshawott,-0.24518974236633856
279,eevee,-0.24425686826008414
280,numel,-0.24342948591065666
281,koffing,-0.24218037680929394
282,finneon,-0.24154198694156645
283,psyduck,-0.2365987398311495
284,duskull,-0.2341538690889336
285,cubone,-0.23116852286889802
286,mudkip,-0.23084065155947905
287,shelmet,-0.22766627177898976
288,zorua-hisui,-0.22649613588758313
289,gulpin,-0.2250456507850723
290,chinchou,-0.22016715066597406
291,chimchar,-0.21796454828759634
292,trubbish,-0.21299830456037308
293,ferroseed,-0.2117909766225342
294,poltchageist,-0.2104987741999795
295,honedge,-0.20896640389085858
296,buneary,-0.20847037390577738
297,piplup,-0.2064392522213387
298,doduo,-0.2029537197009009
299,foongus,-0.19761765979793672
300,drowzee,-0.19754165252431685
301,whirlipede,-0.19660118254489384
302,cacnea,-0.19434080700152898
303,bronzor,-0.19306985809402935
304,drifloon,-0.19196693205028373
305,totodile,-0.18927065207338256
306,popplio,-0.18884752857720447
307,pupitar,-0.18883812344872272
308,yamask-galar,-0.18673075766579655
309,swablu,-0.18356836792530654
310,drilbur,-0.18237237510971308
311,clamperl,-0.18156001493016416
312,seel,-0.18123500625876765
313,pansear,-0.16702701592849573
314,natu,-0.16459252098837399
315,ninjask,-0.16401686230749438
316,dolliv,-0.16052351709839147
317,clobbopus,-0.15949331244377885
318,torchic,-0.15361906184645316
319,phantump,-0.152465265861358
320,woobat,-0.15115005016583144
321,raticate-alola,-0.15040080514213133
322,sinistea,-0.14964934667366422
323,skrelp,-0.14693435783347314
324,naclstack,-0.14673335968450615
325,krokorok,-0.14651239620197865
326,turtwig,-0.1458270519621708
327,grovyle,-0.14465511984467397
328,axew,-0.13946051164008033
329,kadabra,-0.13648252317724027
330,skiddo,-0.1350087947891163
331,slowpoke,-0.13495472346344697
332,joltik,-0.1348611388470098
333,maschiff,-0.13218095403854266
334,nidorino,-0.12630614796268613
335,yanma,-0.12579597339537585
336,oddish,-0.12528602703178812
337,pumpkaboo-small,-0.12216740881816926
338,greavard,-0.12031446967148426
339,shuckle,-0.11783191629634494
340,nosepass,-0.10712517092797551
341,graveler-alola,-0.10334616628875082
342,trapinch,-0.09755760617319602
343,shellos,-0.09745635918356899
344,phanpy,-0.09483540690469695
345,magby,-0.09280417581503764
346,dottler,-0.09045944396147704
347,yamask,-0.08870700641564357
348,vanillish,-0.08429233068407624
349,solosis,-0.08221735523292034
350,pumpkaboo-average,-0.08121182790221566
351,poliwhirl,-0.0805240578387293
352,pidgeotto,-0.0798642851765078
353,jumpluff,-0.07954113652340927
354,espurr,-0.07703186642799394
355,snubbull,-0.0748301458708939
356,clauncher,-0.07320093691067998
357,sneasel-hisui,-0.06886831140493033
358,servine,-0.06886652648168819
359,cetoddle,-0.06884840418968735
360,fletchinder,-0.06827623106831365
361,poipole,-0.06764341591425486
362,tinkatuff,-0.06434562407488444
363,darumaka-galar,-0.06432405755279799
364,stunky,-0.06382113540992394
365,wugtrio,-0.06228424793764286
366,ponyta-galar,-0.06013191722857182
367,slowpoke-galar,-0.05322519303949206
368,staravia,-0.05219473825520736
369,tranquill,-0.048761241304676954
370,mienfoo,-0.047411263418181075
371,floette,-0.04621720208510076
372,stufful,-0.045565865325011994
373,hippopotas,-0.045140079773189686
374,nidorina,-0.04435632263809376
375,pumpkaboo-large,-0.044132485274210556
376,pachirisu,-0.03388134974898892
377,beedrill,-0.0326663302624466
378,plusle,-0.030367747589360786
379,anorith,-0.027975889788396206
380,luxio,-0.025993566079085637
381,aipom,-0.021126231672596054
382,clefairy,-0.012871379044487022
383,pumpkaboo-super,-0.009498170980924111
384,floragato,-0.00903770755338767
385,swirlix,-0.007137083276250177
386,machop,-0.006703041159245157
387,drakloak,0.0025210425094755514
388,litwick,0.004705971464187402
389,timburr,0.005909489351081459
390,spinda,0.007126105931468391
391,sandygast,0.00730391002500083
392,minun,0.012144241826614714
393,crabrawler,0.012898004735815153
394,pikachu-starter,0.01567506324767255
395,golett,0.016231470359771263
396,munna,0.020915141919321686
397,lombre,0.021736353928707604
398,cranidos,0.022703871353036358
399,spritzee,0.023522757199771694
400,squirtle,0.028341860354223633
401,dugtrio,0.03352943069411948
402,boldore,0.03862434073407558
403,bayleef,0.03922600223056643
404,eiscue-noice,0.04524018067296663
405,drizzile,0.04843340805503957
406,grimer,0.049126527696751215
407,blissey,0.05170408371840828
408,dustox,0.05180309688980928
409,parasect,0.05182598355678766
410,weepinbell,0.056229016383108614
411,wormadam-plant,0.058473236076585756
412,gimmighoul,0.058586814572948974
413,teddiursa,0.058763716038990235
414,gabite,0.05959756919351898
415,lairon,0.06000820307467074
416,fuecoco,0.061115259774776595
417,cyndaquil,0.0819415151213414
418,corvisquire,0.0852410443617237
419,tepig,0.08601365077289279
420,delcatty,0.08882233236251272
421,corsola,0.09215289562172664
422,larvesta,0.09362354854538085
423,loudred,0.09485099261700711
424,frogadier,0.09519430907801812
425,dugtrio-alola,0.09586023924369336
426,seadra,0.09799437872454472
427,tyrunt,0.10116358012376017
428,scraggy,0.10429732201361289
429,butterfree,0.1087156895767583
430,maushold-family-of-three,0.11014682355120528
431,maushold-family-of-four,0.11014682355120528
432,beautifly,0.11233822578451753
433,thwackey,0.11328760964642563
434,hakamo-o,0.11454073403302611
435,archen,0.11992792989811657
436,ivysaur,0.12236486250406806
437,cufant,0.12301444588115279
438,raticate,0.12355103235234764
439,whimsicott,0.12474094336041178
440,marshtomp,0.12495365620591269
441,cloyster,0.13125576205369094
442,mothim,0.13161752287559647
443,carbink,0.13314839471637777
444,tangela,0.1337031877315859
445,cryogonal,0.13859113442346108
446,lileep,0.14295067495532907
447,morgrem,0.14512336864116873
448,litleo,0.1477860887880454
449,elgyem,0.14997523237257415
450,eevee-starter,0.15139331533441622
451,linoone,0.1535352206353342
452,persian,0.16000711454615457
453,bastiodon,0.16110426501734684
454,castform-snowy,0.16807667808574067
455,accelgor,0.17060261314215275
456,vullaby,0.17271639137076553
457,flaaffy,0.17335237097591816
458,kricketune,0.17338517568453896
459,quilladin,0.17435100439398146
460,vivillon,0.17578582260100614
461,volbeat,0.18019930416215602
462,herdier,0.18049883059285213
463,shelgon,0.18341480908842972
464,trumbeak,0.18402553035044134
465,gligar,0.18477480827052334
466,electrode,0.18590477729297203
467,leavanny,0.18729421105101382
468,zweilous,0.18885293740585962
469,togedemaru,0.18890594601398997
470,cherrim,0.1932282880407394
471,liepard,0.19773700423601384
472,kubfu,0.19781190675214103
473,persian-alola,0.1979046124271262
474,diggersby,0.2001070836765431
475,dragonair,0.20702684793277856
476,quaxwell,0.21138086138361117
477,jynx,0.21192925131838938
478,prinplup,0.21690198746861256
479,eldegoss,0.21724708335334236
480,raichu-alola,0.22140302059058609
481,gothorita,0.22385162503391526
482,ribombee,0.2294631022538638
483,ninetales-alola,0.22963248082888188
484,stonjourner,0.23297724844601664
485,croconaw,0.23382632069086248
486,pancham,0.23408787849173757
487,murkrow,0.2371415641442788
488,quagsire,0.23721224501527746
489,carkol,0.24087775705601852
490,roselia,0.24103164676400743
491,darumaka,0.24133119328445704
492,mawile,0.24219529802048823
493,furret,0.24377669507975985
494,sealeo,0.24425148516335687
495,sliggoo,0.24585311886243422
496,porygon,0.24606845155938495
497,weavile,0.24891413455966044
498,qwilfish,0.2496604779592365
499,castform-rainy,0.2509432416907716
500,dedenne,0.25295736505384053
501,durant,0.2558331614300996
502,boltund,0.25693103301809134
503,gloom,0.2570949498672491
504,alomomola,0.259349663004534
505,swoobat,0.2597999787970563
506,electrode-hisui,0.2598355649774151
507,dachsbun,0.25994576508561257
508,morpeko-hangry,0.26246557257559994
509,morpeko-full-belly,0.26246557257559994
510,purugly,0.26286934004027723
511,eelektrik,0.2634945695185918
512,frillish-male,0.26549791498908487
513,bibarel,0.2656949730280892
514,lickitung,0.26685339570798783
515,wormadam-trash,0.2673347338963143
516,arctibax,0.27005840003547793
517,shiinotic,0.27057410710516355
518,flapple,0.2711930351366252
519,charjabug,0.272847283377666
520,grafaiai,0.27371322762096967
521,magneton,0.2744804172100728
522,mightyena,0.27675713746846436
523,lumineon,0.2782691178538586
524,swellow,0.28009754713647783
525,medicham,0.28020257842662505
526,comfey,0.28129376068676637
527,raichu,0.28330229337185625
528,serperior,0.2841674692950973
529,dewott,0.28558114447452376
530,ponyta,0.285674605667083
531,eiscue-ice,0.28816024451223216
532,brionne,0.28870427151525196
533,relicanth,0.2899098111862144
534,mr-mime-galar,0.29138307143702513
535,toxapex,0.2928091183248749
536,grimer-alola,0.29338953663785367
537,hattrem,0.2938179898988487
538,klawf,0.2945465606666737
539,minior-orange-meteor,0.29816326816495997
540,minior-yellow-meteor,0.29816326816495997
541,minior-green-meteor,0.29816326816495997
542,minior-blue-meteor,0.29816326816495997
543,minior-indigo-meteor,0.29816326816495997
544,minior-violet-meteor,0.29816326816495997
545,minior-red-meteor,0.29816326816495997
546,toedscruel,0.29818757450534306
547,calyrex,0.2992551300084102
548,castform,0.3020745578223128
549,dartrix,0.30624132449752467
550,dewgong,0.3084823270236038
551,watchog,0.3085122554901166
552,fearow,0.30946868044740633
553,azumarill,0.3118184366265136
554,furfrou,0.3118986126248755
555,illumise,0.3122987751909943
556,avalugg-hisui,0.3125677215627594
557,rufflet,0.3146088261585271
558,farfetchd-galar,0.31664523320210447
559,growlithe,0.31827607158317306
560,grotle,0.32016816091049893
561,cinccino,0.3211074965664409
562,probopass,0.32211984934403504
563,zygarde-10-power-construct,0.32262776324971
564,zygarde-10,0.32262776324971
565,vespiquen,0.32689239029567674
566,vigoroth,0.3279847199907004
567,whiscash,0.32812571467663487
568,carracosta,0.32813083748818866
569,mudbray,0.33060582548106604
570,seaking,0.33146131716565835
571,oricorio-baile,0.3337524474288963
572,carnivine,0.334378850958377
573,dubwool,0.3368498056709842
574,marowak,0.3391667999089827
575,raboot,0.3409041820351584
576,haunter,0.3421072493141887
577,thievul,0.3454671711419572
578,electabuzz,0.34593594654137777
579,aurorus,0.346668662426314
580,basculin-white-striped,0.34812748605828836
581,aegislash-shield,0.3531190297841178
582,klang,0.3553974566498212
583,spidops,0.35682914743148564
584,torracat,0.35688955483790846
585,charmeleon,0.35847445862353366
586,sunflora,0.3586284348699393
587,obstagoon,0.36086624179764704
588,toxtricity-low-key,0.364181516535844
589,toxtricity-amped,0.364181516535844
590,mr-mime,0.36419780086362136
591,palafin-zero,0.36566624557204375
592,lopunny,0.36951499115791187
593,cyclizar,0.3705582853475621
594,klefki,0.37228050346401526
595,pheromosa,0.3742766947238458
596,orthworm,0.3767199414254172
597,wormadam-sandy,0.377089328215861
598,togetic,0.37769354975299696
599,sandslash-alola,0.378723887289051
600,omastar,0.38021787537247
601,clodsire,0.3816436107503065
602,meowstic-male,0.3830737966722797
603,golem,0.3839075459788109
604,lilligant,0.3861954746947894
605,doublade,0.38635117224058035
606,castform-sunny,0.38854091322269185
607,maractus,0.38872760189413563
608,solrock,0.39064816142314257
609,regieleki,0.3912937663189574
610,lilligant-hisui,0.39220662881647805
611,scyther,0.3945852849542013
612,swanna,0.39589245739448264
613,phione,0.39633830725644026
614,monferno,0.396967669717954
615,wailmer,0.3972707475633554
616,venomoth,0.3982565211480208
617,sharpedo,0.3985675404319811
618,huntail,0.39972623842215926
619,meowstic-female,0.40043050367857125
620,metang,0.4009756850153998
621,emolga,0.4014468429789872
622,salazzle,0.40359457890841605
623,sliggoo-hisui,0.4039941256064704
624,munchlax,0.4043544153431692
625,rapidash-galar,0.40482348534262674
626,girafarig,0.40576240978752404
627,dunsparce,0.4095295175740715
628,leafeon,0.41039489040551924
629,oinkologne-female,0.41189818429762176
630,tentacruel,0.4126891967030851
631,fraxure,0.4146179267070097
632,veluza,0.41523810600596767
633,weezing,0.41791565541482084
634,basculin-blue-striped,0.41806973826875515
635,basculin-red-striped,0.41806973826875515
636,ariados,0.4197815098488298
637,misdreavus,0.42027204020345843
638,lanturn,0.4204851726340345
639,forretress,0.42054633863420676
640,indeedee-male,0.42143687384265405
641,claydol,0.42187778817551974
642,heliolisk,0.4236827627006815
643,altaria,0.4247117574971428
644,qwilfish-hisui,0.42584308208367727
645,pidgeot,0.427270130584639
646,simisage,0.43111249878969726
647,duosion,0.4318997908134556
648,arbok,0.43250591808247235
649,frosmoth,0.43681456337662855
650,indeedee-female,0.4378929975229544
651,kabutops,0.4380130143827616
652,miltank,0.4384552245150024
653,magcargo,0.4398795634828012
654,espathra,0.43996000785115097
655,talonflame,0.4409290624556568
656,shiftry,0.4410059906282919
657,pelipper,0.44121312298813575
658,froslass,0.4427508006295651
659,chatot,0.44277472363848414
660,chien-pao,0.4441599398343498
661,audino,0.4445005893634782
662,glalie,0.4449485231278981
663,rotom,0.44541396771671
664,kartana,0.44685885273077747
665,squawkabilly-blue-plumage,0.4485499378164034
666,squawkabilly-yellow-plumage,0.4485499378164034
667,squawkabilly-white-plumage,0.4485499378164034
668,squawkabilly-green-plumage,0.4485499378164034
669,cramorant-gulping,0.45360530679831873
670,cramorant-gorging,0.45360530679831873
671,cramorant,0.45408721467149465
672,pincurchin,0.454352190482872
673,terapagos,0.455355636534642
674,barraskewda,0.45688128385481064
675,wartortle,0.4575350046610573
676,gourgeist-small,0.4590175181739669
677,corsola-galar,0.45960893039008305
678,gastrodon,0.4597666299041692
679,iron-bundle,0.4599413331365691
680,araquanid,0.46152161259085955
681,kecleon,0.46255904308379586
682,orbeetle,0.46537849159232925
683,dipplin,0.465453437782801
684,oricorio-pau,0.468794851845288
685,stantler,0.469412118295634
686,sudowoodo,0.4723199931557195
687,mantine,0.47300311828557035
688,umbreon,0.4747640379327535
689,barbaracle,0.47489406584842675
690,minior-red,0.47555447742668217
691,minior-orange,0.47555447742668217
692,minior-yellow,0.47555447742668217
693,minior-green,0.47555447742668217
694,minior-blue,0.47555447742668217
695,minior-indigo,0.47555447742668217
696,minior-violet,0.47555447742668217
697,garbodor,0.4779589180866186
698,toxicroak,0.4791807039539
699,oricorio-sensu,0.479889255339225
700,scolipede,0.48000207736593825
701,alakazam,0.4814071996087174
702,floatzel,0.48364426948758804
703,vanilluxe,0.48626371348396197
704,oinkologne-male,0.4869068599045093
705,fezandipiti,0.487726182702137
706,meowscarada,0.48955460324992156
707,seismitoad,0.4904039154718598
708,farfetchd,0.49266362946376047
709,lokix,0.4933699586039579
710,simipour,0.494816148312945
711,hypno,0.49640391674077233
712,bellossom,0.49807244647069754
713,arctovish,0.4984959310029858
714,weezing-galar,0.49946358292156834
715,jolteon,0.5000187483380514
716,sceptile,0.5011254956346548
717,bruxish,0.5030136790327369
718,mimikyu-disguised,0.5053952691951228
719,golbat,0.5056326220890865
720,sableye,0.5073903475257651
721,lycanroc-midday,0.5074666280908338
722,mimikyu-busted,0.5076583439842781
723,kingler,0.5082991723975883
724,meganium,0.5091419936131442
725,brambleghast,0.5094616502041425
726,tropius,0.5095893376080279
727,grumpig,0.5099494302919269
728,swalot,0.5120586479118812
729,revavroom,0.5137467690871366
730,dusclops,0.5139404273223128
731,sandslash,0.5142272884354159
732,braixen,0.5178229081174344
733,malamar,0.5201199161565327
734,drednaw,0.5203365117603768
735,politoed,0.522436181569278
736,rhydon,0.5226267663873668
737,banette,0.5227704267041035
738,galvantula,0.5228404411522444
739,masquerain,0.5240682379359423
740,sawsbuck,0.5245894278497478
741,ambipom,0.5265294875798129
742,lycanroc-dusk,0.5311324436457113
743,rotom-frost,0.5325369032552193
744,falinks,0.5327304837435123
745,starmie,0.5340076962758197
746,gourgeist-average,0.5352610108124666
747,breloom,0.5361201950306625
748,zebstrika,0.5369803790138635
749,noctowl,0.5389273361108078
750,victreebel,0.5413771897782182
751,gliscor,0.5428872469487421
752,abomasnow,0.5465922053260789
753,stunfisk-galar,0.5479961117865223
754,combusken,0.5510822206820838
755,lampent,0.5515870334061312
756,slurpuff,0.5537903336905378
757,deoxys-attack,0.5538786548467687
758,marowak-alola,0.5579014800905006
759,golduck,0.560477291651727
760,perrserker,0.5643526360318418
761,bisharp,0.5646330550742455
762,gurdurr,0.5672806784887257
763,tauros,0.568436496542697
764,manectric,0.5691489677930719
765,piloswine,0.5692168828310482
766,stunfisk,0.5717190968052915
767,scream-tail,0.5728913582916954
768,dragalge,0.5763715208664592
769,oranguru,0.5773044158397796
770,machoke,0.5799190378434882
771,wigglytuff,0.5845006728560028
772,bellibolt,0.5858307490325292
773,sandaconda,0.5875283080735842
774,lurantis,0.5878845718804523
775,amoonguss,0.5880982460696337
776,aromatisse,0.5886295089401745
777,klinklang,0.5918624954173675
778,skarmory,0.5954254166594561
779,aerodactyl,0.5965011387943221
780,garganacl,0.598336123553075
781,milotic,0.6000877061626484
782,oricorio-pom-pom,0.6009881600673732
783,mandibuzz,0.6019231599636787
784,hitmontop,0.6022229003212897
785,lunatone,0.6034801759542924
786,gumshoos,0.6048968214848383
787,sneasler,0.60572858682362
788,cresselia,0.6060694939702209
789,seviper,0.606622027390386
790,gorebyss,0.6095180912429287
791,gourgeist-large,0.6096947984470916
792,drifblim,0.6099307114722766
793,mabosstiff,0.610503735922058
794,primeape,0.6105367550499411
795,steelix,0.6109217141861994
796,cacturne,0.6130719788025907
797,alcremie,0.6149600015577489
798,aggron,0.6210193595130693
799,gothitelle,0.6219279921172134
800,xatu,0.6234469908628028
801,regice,0.6246827392949077
802,chimecho,0.6248902097753054
803,arctozolt,0.625048980719798
804,crocalor,0.63031193321299
805,zangoose,0.6303717907806945
806,ludicolo,0.6356017479557989
807,tsareena,0.6364321848232604
808,venusaur,0.6384853986424617
809,dracozolt,0.6388775317950451
810,hitmonlee,0.6394045246842232
811,cradily,0.6399814108394524
812,greedent,0.6402429196735155
813,rotom-wash,0.641529955044888
814,flygon,0.6416711231520559
815,sylveon,0.6432364522033273
816,uxie,0.644259833113778
817,tangrowth,0.6519907410681259
818,mismagius,0.6541809364738391
819,porygon2,0.6552604100120065
820,deoxys-defense,0.6567164158625104
821,skuntank,0.6588306468593994
822,espeon,0.6592402822177205
823,noivern,0.6592626276728623
824,appletun,0.6610397516970302
825,florges,0.6615877579862192
826,scizor,0.6619064092391859
827,nihilego,0.6632102458131189
828,cofagrigus,0.6633941228473614
829,walrein,0.664013502902384
830,crawdaunt,0.6642566919256055
831,tinkaton,0.6659545158111221
832,magnezone,0.6676480889446352
833,dracovish,0.6690089219329951
834,lycanroc-midnight,0.6700348336568807
835,ferrothorn,0.6724054061319455
836,kangaskhan,0.6735562503432792
837,lapras,0.6743726576176047
838,tatsugiri-droopy,0.6780438079432025
839,tatsugiri-stretchy,0.6780438079432025
840,tatsugiri-curly,0.6780438079432025
841,komala,0.678721110407663
842,gourgeist-super,0.6798110983367717
843,hitmonchan,0.6804848065174508
844,lickilicky,0.684246735207901
845,dodrio,0.6844654678238352
846,greninja-battle-bond,0.6846153386559364
847,cetitan,0.6857471269274658
848,golem-alola,0.687356035428389
849,virizion,0.6885594694181099
850,houndstone,0.6903229772351847
851,zoroark,0.6908362797985804
852,pecharunt,0.6933625494408853
853,vileplume,0.6947168240822652
854,clefable,0.6978239699187843
855,mienshao,0.697895348804035
856,muk,0.7009318553735999
857,greninja,0.7018203878664044
858,registeel,0.7041775926356874
859,drapion,0.7043759634528244
860,gyarados,0.7067866945081583
861,suicune,0.7069025157042131
862,deoxys-speed,0.7076645967453341
863,crobat,0.7086452482381402
864,avalugg,0.7098947372149974
865,runerigus,0.7104285261340915
866,ninetales,0.7135406041671105
867,type-null,0.7143225465543926
868,spiritomb,0.7161905271118948
869,octillery,0.7181333287351224
870,floette-eternal,0.7195249107899365
871,inteleon,0.7220297527999135
872,crustle,0.7226322670119096
873,tapu-koko,0.7228580012570953
874,exploud,0.7260380993329861
875,bronzong,0.7264505674136087
876,rotom-mow,0.7313378374823116
877,nidoqueen,0.7316793951384366
878,feraligatr,0.7319900824736308
879,pinsir,0.7334986906900569
880,vaporeon,0.734963341267107
881,tapu-fini,0.735651324946397
882,absol,0.7365880387653843
883,celebi,0.7386531248730472
884,rapidash,0.7394561073791848
885,scrafty,0.7397663074285327
886,swampert,0.7413821487087806
887,granbull,0.7424637614602344
888,arboliva,0.7436105530140621
889,grapploct,0.7441483620009617
890,musharna,0.7443003315665014
891,poliwrath,0.7444949654471659
892,overqwil,0.7445367561079881
893,unfezant,0.747142044970751
894,regirock,0.747354368454685
895,hawlucha,0.7533434193993092
896,houndoom,0.7539893217721483
897,iron-leaves,0.7552893023753432
898,escavalier,0.7569375054571897
899,kilowattrel,0.7583736197454718
900,bouffalant,0.7614291194476756
901,pignite,0.7634609594985137
902,wyrdeer,0.7665605738258616
903,nidoking,0.7679201574013133
904,gogoat,0.7699260543861011
905,zoroark-hisui,0.7700264135243184
906,exeggutor,0.7709486001889622
907,mr-rime,0.7760234564797768
908,dondozo,0.7801020571199986
909,magmar,0.780441030700683
910,chesnaught,0.7806228936913389
911,glaceon,0.7839509278546091
912,wo-chien,0.7851402175432767
913,roserade,0.7863829155627245
914,tauros-paldea-combat-breed,0.7890995736258245
915,diancie,0.7891012694071797
916,kingdra,0.7893530771055189
917,zygarde-50-power-construct,0.7897712524311461
918,zygarde-50,0.7897712524311461
919,yanmega,0.7906598365149404
920,ampharos,0.7949585715110078
921,dudunsparce-two-segment,0.7961057525145313
922,slowbro,0.7962971183592473
923,dudunsparce-three-segment,0.7970539495705896
924,farigiraf,0.7993354550558527
925,quilava,0.8033240768600172
926,rotom-heat,0.8042828210678932
927,stoutland,0.8044686633967902
928,luxray,0.8047899001193618
929,palossand,0.8058247928149237
930,bombirdier,0.8062619326141938
931,slowking,0.8063994062403887
932,druddigon,0.8071224853898487
933,munkidori,0.8099388289360302
934,simisear,0.8135519003675031
935,articuno,0.8141064392824586
936,samurott-hisui,0.8145864023885028
937,aegislash-blade,0.8165763315440858
938,dragapult,0.8166526058357608
939,ogerpon,0.8167044374245895
940,gardevoir,0.8195424221091528
941,ogerpon-cornerstone-mask,0.8203601749454994
942,corviknight,0.8209710845932712
943,rabsca,0.8213559705634038
944,cobalion,0.8219269114763227
945,throh,0.8224584502040376
946,hippowdon,0.8262483780973717
947,tyrantrum,0.8278352999624006
948,raikou,0.8282344204708322
949,zeraora,0.8287103478705439
950,manaphy,0.8322824215469741
951,porygon-z,0.833945382924783
952,heracross,0.8358497173085195
953,naganadel,0.8373046510933869
954,donphan,0.8379756678796386
955,tauros-paldea-aqua-breed,0.8384949943753879
956,basculegion-male,0.840433205712626
957,empoleon,0.8414445106327632
958,dusknoir,0.841941507341334
959,rhyperior,0.8434642658879882
960,silvally,0.8438679780581392
961,clawitzer,0.8453731578491447
962,samurott,0.8484512537398345
963,hoopa,0.8489593128188019
964,basculegion-female,0.8563082763932498
965,decidueye-hisui,0.8564758722537132
966,pyroar-male,0.8619529100475265
967,electivire,0.8646425471266572
968,shaymin-land,0.8663915042348753
969,gigalith,0.8689498470936841
970,rillaboom,0.8690222495371037
971,mesprit,0.8707500705859738
972,polteageist,0.8712874012773826
973,gengar,0.8760200673025957
974,latias,0.8766226794884037
975,reuniclus,0.8805722690573208
976,ogerpon-wellspring-mask,0.8808320966769583
977,pawmot,0.8824962923814598
978,excadrill,0.882660257767678
979,lucario,0.8846616825171638
980,tapu-lele,0.885191737327111
981,wailord,0.8886943417452522
982,duraludon,0.8901363475720696
983,passimian,0.8903408305884154
984,okidogi,0.8948179883535071
985,zarude-dada,0.8969594531951812
986,sigilyph,0.8971990079071697
987,cinderace,0.8978335513302451
988,ogerpon-hearthflame-mask,0.9007294630915884
989,tapu-bulu,0.9020248926805767
990,enamorus-incarnate,0.9028961358600837
991,slowbro-galar,0.9043650647806569
992,slowking-galar,0.909544574089126
993,hydrapple,0.9105062961178226
994,sandy-shocks,0.9105098433995213
995,arcanine-hisui,0.9106835466301311
996,torterra,0.9111267475562158
997,mudsdale,0.9123990406426525
998,zarude,0.9129599831522427
999,landorus-incarnate,0.9138349628135892
1000,coalossal,0.9177227129814266
1001,sawk,0.9184413200315761
1002,beheeyem,0.9184818531494994
1003,beartic,0.9188254464970168
1004,iron-crown,0.9238063360286932
1005,zacian,0.9263962703342296
1006,brute-bonnet,0.9269925960404886
1007,rotom-fan,0.9341341411514716
1008,glimmora,0.9364768992913277
1009,goodra,0.9368984237398574
1010,roaring-moon,0.9373416483931297
1011,blastoise,0.9391766902662313
1012,kleavor,0.9391808680339487
1013,jirachi,0.940889093075631
1014,jellicent-male,0.9412291860681045
1015,charizard,0.9438317951314478
1016,kingambit,0.9466847402666525
1017,azelf,0.9468449942512379
1018,garchomp,0.9538649103298451
1019,trevenant,0.9539872746201252
1020,staraptor,0.9562958723611609
1021,braviary-hisui,0.9570003248157195
1022,drampa,0.958117820939972
1023,krookodile,0.9618907494456602
1024,toucannon,0.9626926157724285
1025,mamoswine,0.9653503049631375
1026,darmanitan-galar-standard,0.9659166606244356
1027,ursaring,0.9690146553347315
1028,armaldo,0.9697497154541794
1029,kommo-o,0.9702937648728193
1030,bewear,0.9719463621289407
1031,meloetta-aria,0.9723546267947488
1032,hatterene,0.9744125213109999
1033,ting-lu,0.97473805956866
1034,keldeo-resolute,0.977706977256315
1035,keldeo-ordinary,0.977706977256315
1036,exeggutor-alola,0.9801575484505116
1037,crabominable,0.981086902847064
1038,sinistcha,0.9827137549631401
1039,deoxys-normal,0.9834912824009757
1040,primarina,0.9863184222001837
1041,muk-alola,0.9885413511700164
1042,decidueye,0.9887933023068486
1043,spectrier,0.9898163123607505
1044,gallade,0.9949225720604769
1045,flareon,0.9956313317021512
1046,iron-thorns,1.0012388084061679
1047,iron-treads,1.0046474056391907
1048,haxorus,1.0050581522183504
1049,ursaluna-bloodmoon,1.0054487521270536
1050,terapagos-terastal,1.0058708018074962
1051,flutter-mane,1.0060972198292817
1052,goodra-hisui,1.0075730166595667
1053,archeops,1.0078084627785686
1054,iron-valiant,1.0081030391276768
1055,wishiwashi-school,1.0096627003534195
1056,zapdos,1.0104532700298652
1057,guzzlord,1.0104579086947227
1058,eelektross,1.0121255145681867
1059,tornadus-therian,1.015916873698509
1060,latios,1.0222964500120872
1061,quaquaval,1.0255714325380896
1062,zygarde-complete,1.0305182200172163
1063,flamigo,1.0321283514077582
1064,walking-wake,1.0405842247260901
1065,enamorus-therian,1.0418710559923439
1066,hariyama,1.050608667827161
1067,regidrago,1.0509153088013565
1068,sirfetchd,1.0523392894846622
1069,tauros-paldea-blaze-breed,1.0559556781102164
1070,heatmor,1.0574508179540478
1071,turtonator,1.0587771036474405
1072,articuno-galar,1.0643604247976088
1073,salamence,1.06466638386539
1074,grimmsnarl,1.064844882877331
1075,iron-boulder,1.0662792939858008
1076,landorus-therian,1.067804076433101
1077,stakataka,1.069033012260093
1078,delphox,1.077437456781397
1079,moltres-galar,1.083761209826383
1080,zamazenta,1.0857463189003118
1081,meloetta-pirouette,1.0858578055973291
1082,rampardos,1.091552071116093
1083,iron-moth,1.0924524218633236
1084,shaymin-sky,1.0931877020779313
1085,urshifu-rapid-strike,1.0949434674906104
1086,honchkrow,1.0969256602045359
1087,pangoro,1.0981076035479749
1088,thundurus-incarnate,1.0993053923455267
1089,tyranitar,1.0994159934149108
1090,snorlax,1.0995622378995558
1091,raging-bolt,1.103379052366762
1092,ceruledge,1.1047174671414026
1093,scovillain,1.1055283905695605
1094,annihilape,1.1063668914964357
1095,golisopod,1.1094377895178646
1096,terrakion,1.111496172526108
1097,necrozma,1.1118007954157367
1098,infernape,1.1155845764243386
1099,machamp,1.115700248536638
1100,xurkitree,1.1217619086380821
1101,archaludon,1.1272627749872601
1102,genesect,1.1350850561029977
1103,tornadus-incarnate,1.1365937864803293
1104,braviary,1.136690478019528
1105,dhelmise,1.1391274700252234
1106,cursola,1.1444968844428975
1107,hydreigon,1.1556446492172125
1108,conkeldurr,1.1565542741163823
1109,golurk,1.1579939505054297
1110,togekiss,1.1676146079999217
1111,giratina-altered,1.1681630012378241
1112,dragonite,1.1694144774554984
1113,kyurem,1.1753078648161408
1114,vikavolt,1.176545145941007
1115,great-tusk,1.1819801695736039
1116,skeledirge,1.1898320454915396
1117,lugia,1.1943707399575756
1118,mew,1.197651977113307
1119,darkrai,1.1979124125295024
1120,glastrier,1.1982685725008078
1121,buzzwole,1.201945123034247
1122,necrozma-dawn,1.2100462068443703
1123,chi-yu,1.2132874195971122
1124,zamazenta-crowned,1.2164598508448012
1125,centiskorch,1.2216188144695392
1126,thundurus-therian,1.2236719662474678
1127,darmanitan-standard,1.2243821264102253
1128,iron-jugulis,1.237392088773202
1129,magmortar,1.238017107019263
1130,eternatus,1.2384798839622837
1131,xerneas,1.2430527041329629
1132,baxcalibur,1.243288895789961
1133,copperajah,1.2471428428116809
1134,gholdengo,1.2528727683055247
1135,metagross,1.2550285946065647
1136,torkoal,1.271541908496681
1137,zacian-crowned,1.2720228535474938
1138,zekrom,1.2811575238556474
1139,magearna-original,1.2834558825950724
1140,magearna,1.2834558825950724
1141,incineroar,1.2861531333711649
1142,marshadow,1.2989861383850558
1143,blaziken,1.3161955719766947
1144,volcarona,1.3244247478918802
1145,urshifu-single-strike,1.3261568545432632
1146,slither-wing,1.3284883093572455
1147,greninja-ash,1.333318614458373
1148,zapdos-galar,1.3374568747009972
1149,koraidon,1.3446793500183558
1150,koraidon-limited-build,1.3446793500183558
1151,koraidon-sprinting-build,1.3446793500183558
1152,koraidon-swimming-build,1.3446793500183558
1153,koraidon-gliding-build,1.3446793500183558
1154,ursaluna,1.3486878345594315
1155,heatran,1.3550792064932609
1156,lunala,1.3615776857695658
1157,miraidon-low-power-mode,1.3629410643205992
1158,miraidon-drive-mode,1.3629410643205992
1159,miraidon-aquatic-mode,1.3629410643205992
1160,miraidon-glide-mode,1.3629410643205992
1161,miraidon,1.3640514780626323
1162,giratina-origin,1.3642082604006485
1163,celesteela,1.3685246606998613
1164,necrozma-dusk,1.378105068821102
1165,terapagos-stellar,1.3796963494450627
1166,kyurem-black,1.3817745636832879
1167,slaking,1.3827000542741161
1168,camerupt,1.3855236060731033
1169,gouging-fire,1.3888313356717221
1170,arcanine,1.3966134852510874
1171,melmetal,1.409376401479989
1172,darmanitan-galar-zen,1.415604866693272
1173,iron-hands,1.4187945797171322
1174,emboar,1.428419415636863
1175,palafin-hero,1.4442495954496075
1176,entei,1.44792326396077
1177,chandelure,1.4553878487391056
1178,arceus,1.4565857630846901
1179,palkia-origin,1.4856015093914439
1180,palkia,1.5148226365214286
1181,mewtwo,1.5389251780394764
1182,moltres,1.5470697141712448
1183,armarouge,1.556424867679994
1184,solgaleo,1.5697768708874826
1185,dialga-origin,1.585489981525753
1186,groudon,1.587336554103545
1187,victini,1.5928757455745481
1188,hoopa-unbound,1.5934874211336634
1189,darmanitan-zen,1.5961604065684594
1190,typhlosion,1.6020428662751995
1191,regigigas,1.6036087244862325
1192,dialga,1.6094362825997701
1193,necrozma-ultra,1.615830020595939
1194,volcanion,1.659987113848489
1195,typhlosion-hisui,1.7046495862541773
1196,ho-oh,1.7127077131294566
1197,kyurem-white,1.7139930998259172
1198,calyrex-shadow,1.798231644051997
1199,rayquaza,1.8338296828357712
1200,calyrex-ice,1.8548821062252785
1201,kyogre,1.8726070965873867
1202,reshiram,1.8823189522551071
1203,blacephalon,1.8961850002485598
1204,yveltal,2.114419773552084
1205,kyogre-primal,2.3041132917769587
1206,groudon-primal,2.7450642816503303
