point_index,pokemon1_name,pokemon_avg_edge_weight
0,bulbasaur,-0.3032185112468905
1,caterpie,-1.462389152019903
2,voltorb,-0.40621304971687505
3,gholdengo,1.2528727683055247
4,deoxys-attack,0.5538786548467687
5,deoxys-defense,0.6567164158625104
6,deoxys-speed,0.7076645967453341
7,wormadam-sandy,0.377089328215861
8,wormadam-trash,0.2673347338963143
9,shaymin-sky,1.0931877020779313
10,giratina-origin,1.3642082604006485
11,rotom-heat,0.8042828210678932
12,rotom-wash,0.641529955044888
13,wo-chien,0.7851402175432767
14,rotom-frost,0.5325369032552193
15,rotom-fan,0.9341341411514716
16,rotom-mow,0.7313378374823116
17,castform-sunny,0.38854091322269185
18,castform-rainy,0.2509432416907716
19,castform-snowy,0.16807667808574067
20,basculin-blue-striped,0.41806973826875515
21,darmanitan-zen,1.5961604065684594
22,meloetta-pirouette,1.0858578055973291
23,tornadus-therian,1.015916873698509
24,chien-pao,0.4441599398343498
25,thundurus-therian,1.2236719662474678
26,landorus-therian,1.067804076433101
27,kyurem-black,1.3817745636832879
28,kyurem-white,1.7139930998259172
29,keldeo-resolute,0.977706977256315
30,meowstic-female,0.40043050367857125
31,aegislash-blade,0.8165763315440858
32,pumpkaboo-small,-0.12216740881816926
33,pumpkaboo-large,-0.044132485274210556
34,pumpkaboo-super,-0.009498170980924111
35,ting-lu,0.97473805956866
36,gourgeist-small,0.4590175181739669
37,gourgeist-large,0.6096947984470916
38,gourgeist-super,0.6798110983367717
39,chi-yu,1.2132874195971122
40,roaring-moon,0.9373416483931297
41,iron-valiant,1.0081030391276768
42,floette-eternal,0.7195249107899365
43,koraidon,1.3446793500183558
44,kyogre-primal,2.3041132917769587
45,groudon-primal,2.7450642816503303
46,miraidon,1.3640514780626323
47,pikachu-rock-star,-0.5800176348916766
48,pikachu-belle,-0.5517849156017023
49,pikachu-pop-star,-0.5653450840201
50,pikachu-phd,-0.5838421365869018
51,pikachu-libre,-0.5680142975242057
52,pikachu-cosplay,-0.5838421365869018
53,hoopa-unbound,1.5934874211336634
54,walking-wake,1.0405842247260901
55,rattata-alola,-1.9583658034760458
56,raticate-alola,-0.15040080514213133
57,pikachu-original-cap,-0.5076088904444251
58,pikachu-hoenn-cap,-0.5076088904444251
59,pikachu-sinnoh-cap,-0.5052182003526899
60,pikachu-unova-cap,-0.5076088904444251
61,pikachu-kalos-cap,-0.506402376876201
62,pikachu-alola-cap,-0.5076088904444251
63,electrode,0.18590477729297203
64,iron-leaves,0.7552893023753432
65,raichu-alola,0.22140302059058609
66,sandshrew-alola,-0.6553767488181343
67,sandslash-alola,0.378723887289051
68,vulpix-alola,-0.7352820805409881
69,ninetales-alola,0.22963248082888188
70,diglett-alola,-1.6340198986302803
71,dugtrio-alola,0.09586023924369336
72,meowth-alola,-0.7945593009101154
73,persian-alola,0.1979046124271262
74,geodude-alola,-0.8129054483381061
75,dipplin,0.465453437782801
76,graveler-alola,-0.10334616628875082
77,golem-alola,0.687356035428389
78,grimer-alola,0.29338953663785367
79,muk-alola,0.9885413511700164
80,exeggutor-alola,0.9801575484505116
81,marowak-alola,0.5579014800905006
82,greninja-battle-bond,0.6846153386559364
83,greninja-ash,1.333318614458373
84,zygarde-10-power-construct,0.32262776324971
85,zygarde-50-power-construct,0.7897712524311461
86,poltchageist,-0.2104987741999795
87,zygarde-complete,1.0305182200172163
88,oricorio-pom-pom,0.6009881600673732
89,oricorio-pau,0.468794851845288
90,oricorio-sensu,0.479889255339225
91,lycanroc-midnight,0.6700348336568807
92,wishiwashi-school,1.0096627003534195
93,sinistcha,0.9827137549631401
94,minior-orange-meteor,0.29816326816495997
95,minior-yellow-meteor,0.29816326816495997
96,minior-green-meteor,0.29816326816495997
97,minior-blue-meteor,0.29816326816495997
98,minior-indigo-meteor,0.29816326816495997
99,minior-violet-meteor,0.29816326816495997
100,minior-red,0.47555447742668217
101,minior-orange,0.47555447742668217
102,minior-yellow,0.47555447742668217
103,minior-green,0.47555447742668217
104,okidogi,0.8948179883535071
105,minior-blue,0.47555447742668217
106,minior-indigo,0.47555447742668217
107,minior-violet,0.47555447742668217
108,mimikyu-busted,0.5076583439842781
109,magearna-original,1.2834558825950724
110,pikachu-partner-cap,-0.5076088904444251
111,munkidori,0.8099388289360302
112,rockruff-own-tempo,-0.8494256373195868
113,lycanroc-dusk,0.5311324436457113
114,necrozma-dusk,1.378105068821102
115,necrozma-dawn,1.2100462068443703
116,necrozma-ultra,1.615830020595939
117,pikachu-starter,0.01567506324767255
118,eevee-starter,0.15139331533441622
119,fezandipiti,0.487726182702137
120,pikachu-world-cap,-0.5647139516343646
121,meowth-galar,-0.4116388270992621
122,ponyta-galar,-0.06013191722857182
123,rapidash-galar,0.40482348534262674
124,slowpoke-galar,-0.05322519303949206
125,slowbro-galar,0.9043650647806569
126,farfetchd-galar,0.31664523320210447
127,weezing-galar,0.49946358292156834
128,mr-mime-galar,0.29138307143702513
129,articuno-galar,1.0643604247976088
130,ogerpon,0.8167044374245895
131,zapdos-galar,1.3374568747009972
132,moltres-galar,1.083761209826383
133,slowking-galar,0.909544574089126
134,corsola-galar,0.45960893039008305
135,zigzagoon-galar,-1.8066151642233135
136,linoone-galar,-0.3875398789685958
137,darumaka-galar,-0.06432405755279799
138,darmanitan-galar-standard,0.9659166606244356
139,darmanitan-galar-zen,1.415604866693272
140,yamask-galar,-0.18673075766579655
141,archaludon,1.1272627749872601
142,stunfisk-galar,0.5479961117865223
143,zygarde-10,0.32262776324971
144,cramorant-gulping,0.45360530679831873
145,cramorant-gorging,0.45360530679831873
146,toxtricity-low-key,0.364181516535844
147,eiscue-noice,0.04524018067296663
148,indeedee-female,0.4378929975229544
149,morpeko-hangry,0.26246557257559994
150,zacian-crowned,1.2720228535474938
151,zamazenta-crowned,1.2164598508448012
152,hydrapple,0.9105062961178226
153,urshifu-rapid-strike,1.0949434674906104
154,zarude-dada,0.8969594531951812
155,calyrex-ice,1.8548821062252785
156,calyrex-shadow,1.798231644051997
157,exeggcute,-0.4969545163272907
158,gouging-fire,1.3888313356717221
159,raging-bolt,1.103379052366762
160,iron-boulder,1.0662792939858008
161,growlithe-hisui,-0.544166835912724
162,iron-crown,0.9238063360286932
163,arcanine-hisui,0.9106835466301311
164,voltorb-hisui,-0.4183953755241988
165,electrode-hisui,0.2598355649774151
166,typhlosion-hisui,1.7046495862541773
167,qwilfish-hisui,0.42584308208367727
168,sneasel-hisui,-0.06886831140493033
169,samurott-hisui,0.8145864023885028
170,lilligant-hisui,0.39220662881647805
171,zorua-hisui,-0.22649613588758313
172,zoroark-hisui,0.7700264135243184
173,terapagos,0.455355636534642
174,braviary-hisui,0.9570003248157195
175,sliggoo-hisui,0.4039941256064704
176,goodra-hisui,1.0075730166595667
177,avalugg-hisui,0.3125677215627594
178,decidueye-hisui,0.8564758722537132
179,dialga-origin,1.585489981525753
180,palkia-origin,1.4856015093914439
181,basculin-white-striped,0.34812748605828836
182,basculegion-female,0.8563082763932498
183,enamorus-therian,1.0418710559923439
184,pecharunt,0.6933625494408853
185,tauros-paldea-combat-breed,0.7890995736258245
186,tauros-paldea-blaze-breed,1.0559556781102164
187,tauros-paldea-aqua-breed,0.8384949943753879
188,wooper-paldea,-0.9137297144247855
189,oinkologne-female,0.41189818429762176
190,dudunsparce-three-segment,0.7970539495705896
191,palafin-hero,1.4442495954496075
192,maushold-family-of-three,0.11014682355120528
193,tatsugiri-droopy,0.6780438079432025
194,tatsugiri-stretchy,0.6780438079432025
195,squawkabilly-blue-plumage,0.4485499378164034
196,squawkabilly-yellow-plumage,0.4485499378164034
197,squawkabilly-white-plumage,0.4485499378164034
198,gimmighoul-roaming,-0.5668010563244498
199,koraidon-limited-build,1.3446793500183558
200,koraidon-sprinting-build,1.3446793500183558
201,koraidon-swimming-build,1.3446793500183558
202,koraidon-gliding-build,1.3446793500183558
203,miraidon-low-power-mode,1.3629410643205992
204,miraidon-drive-mode,1.3629410643205992
205,miraidon-aquatic-mode,1.3629410643205992
206,miraidon-glide-mode,1.3629410643205992
207,ursaluna-bloodmoon,1.0054487521270536
208,ogerpon-wellspring-mask,0.8808320966769583
209,ogerpon-hearthflame-mask,0.9007294630915884
210,ogerpon-cornerstone-mask,0.8203601749454994
211,terapagos-terastal,1.0058708018074962
212,terapagos-stellar,1.3796963494450627
213,exeggutor,0.7709486001889622
214,cubone,-0.23116852286889802
215,marowak,0.3391667999089827
216,hitmonlee,0.6394045246842232
217,hitmonchan,0.6804848065174508
218,lickitung,0.26685339570798783
219,koffing,-0.24218037680929394
220,metapod,-1.1702247709147282
221,weezing,0.41791565541482084
222,rhyhorn,-0.797577829378597
223,rhydon,0.5226267663873668
224,chansey,-0.5361609920882133
225,tangela,0.1337031877315859
226,kangaskhan,0.6735562503432792
227,horsea,-0.8506196175997629
228,seadra,0.09799437872454472
229,goldeen,-0.28809362882356787
230,seaking,0.33146131716565835
231,butterfree,0.1087156895767583
232,staryu,-0.2549367238979615
233,starmie,0.5340076962758197
234,mr-mime,0.36419780086362136
235,scyther,0.3945852849542013
236,jynx,0.21192925131838938
237,electabuzz,0.34593594654137777
238,magmar,0.780441030700683
239,pinsir,0.7334986906900569
240,tauros,0.568436496542697
241,magikarp,-1.8725095373650897
242,weedle,-1.7408792716861874
243,gyarados,0.7067866945081583
244,lapras,0.6743726576176047
245,ditto,-1.1088025072676437
246,eevee,-0.24425686826008414
247,vaporeon,0.734963341267107
248,jolteon,0.5000187483380514
249,flareon,0.9956313317021512
250,porygon,0.24606845155938495
251,omanyte,-0.4260252564381597
252,omastar,0.38021787537247
253,kakuna,-1.3724047753534676
254,kabuto,-0.7540241658428624
255,kabutops,0.4380130143827616
256,aerodactyl,0.5965011387943221
257,snorlax,1.0995622378995558
258,articuno,0.8141064392824586
259,zapdos,1.0104532700298652
260,moltres,1.5470697141712448
261,dratini,-0.39880622317821124
262,dragonair,0.20702684793277856
263,dragonite,1.1694144774554984
264,beedrill,-0.0326663302624466
265,mewtwo,1.5389251780394764
266,mew,1.197651977113307
267,chikorita,-0.36787471936595406
268,bayleef,0.03922600223056643
269,meganium,0.5091419936131442
270,cyndaquil,0.0819415151213414
271,quilava,0.8033240768600172
272,typhlosion,1.6020428662751995
273,totodile,-0.18927065207338256
274,croconaw,0.23382632069086248
275,pidgey,-0.6572778770154212
276,feraligatr,0.7319900824736308
277,sentret,-0.8309505495350381
278,furret,0.24377669507975985
279,hoothoot,-0.5220204387525084
280,noctowl,0.5389273361108078
281,ledyba,-1.2456740755843494
282,ledian,-0.2832986641346745
283,spinarak,-0.6141933429396786
284,ariados,0.4197815098488298
285,crobat,0.7086452482381402
286,pidgeotto,-0.0798642851765078
287,chinchou,-0.22016715066597406
288,lanturn,0.4204851726340345
289,pichu,-1.8367406740950438
290,cleffa,-0.7533524236721924
291,igglybuff,-0.9319228632787498
292,togepi,-0.3931310122459195
293,togetic,0.37769354975299696
294,natu,-0.16459252098837399
295,xatu,0.6234469908628028
296,mareep,-0.2898049861963341
297,pidgeot,0.427270130584639
298,flaaffy,0.17335237097591816
299,ampharos,0.7949585715110078
300,bellossom,0.49807244647069754
301,marill,-0.4807169139442016
302,azumarill,0.3118184366265136
303,sudowoodo,0.4723199931557195
304,politoed,0.522436181569278
305,hoppip,-1.2200035086444092
306,skiploom,-0.6208225321599092
307,jumpluff,-0.07954113652340927
308,rattata,-0.897995847231111
309,aipom,-0.021126231672596054
310,sunkern,-1.503883905264898
311,sunflora,0.3586284348699393
312,yanma,-0.12579597339537585
313,wooper,-1.3191221069882195
314,quagsire,0.23721224501527746
315,espeon,0.6592402822177205
316,umbreon,0.4747640379327535
317,murkrow,0.2371415641442788
318,slowking,0.8063994062403887
319,ivysaur,0.12236486250406806
320,raticate,0.12355103235234764
321,misdreavus,0.42027204020345843
322,unown,-0.8076686986431906
323,wobbuffet,-0.43616554583229306
324,girafarig,0.40576240978752404
325,pineco,-0.3327030293184075
326,forretress,0.42054633863420676
327,dunsparce,0.4095295175740715
328,gligar,0.18477480827052334
329,steelix,0.6109217141861994
330,snubbull,-0.0748301458708939
331,spearow,-0.7667590590600174
332,granbull,0.7424637614602344
333,qwilfish,0.2496604779592365
334,scizor,0.6619064092391859
335,shuckle,-0.11783191629634494
336,heracross,0.8358497173085195
337,sneasel,-0.3403063082441446
338,teddiursa,0.058763716038990235
339,ursaring,0.9690146553347315
340,slugma,-0.26236430751855583
341,magcargo,0.4398795634828012
342,fearow,0.30946868044740633
343,swinub,-1.0100287018974414
344,piloswine,0.5692168828310482
345,corsola,0.09215289562172664
346,remoraid,-0.3631561917789718
347,octillery,0.7181333287351224
348,delibird,-0.5107822684918436
349,mantine,0.47300311828557035
350,skarmory,0.5954254166594561
351,houndour,-0.3854366177626886
352,houndoom,0.7539893217721483
353,ekans,-0.4451110840533466
354,kingdra,0.7893530771055189
355,phanpy,-0.09483540690469695
356,donphan,0.8379756678796386
357,porygon2,0.6552604100120065
358,stantler,0.469412118295634
359,smeargle,-1.2510091531141405
360,tyrogue,-1.062457773148533
361,hitmontop,0.6022229003212897
362,smoochum,-1.293545918287039
363,elekid,-0.3420340818664404
364,arbok,0.43250591808247235
365,magby,-0.09280417581503764
366,miltank,0.4384552245150024
367,blissey,0.05170408371840828
368,raikou,0.8282344204708322
369,entei,1.44792326396077
370,suicune,0.7069025157042131
371,larvitar,-1.0985815683588418
372,pupitar,-0.18883812344872272
373,tyranitar,1.0994159934149108
374,lugia,1.1943707399575756
375,pikachu,-0.507596283763503
376,ho-oh,1.7127077131294566
377,celebi,0.7386531248730472
378,treecko,-0.6858948234719421
379,grovyle,-0.14465511984467397
380,sceptile,0.5011254956346548
381,torchic,-0.15361906184645316
382,combusken,0.5510822206820838
383,blaziken,1.3161955719766947
384,mudkip,-0.23084065155947905
385,marshtomp,0.12495365620591269
386,raichu,0.28330229337185625
387,swampert,0.7413821487087806
388,poochyena,-1.0233968967070541
389,mightyena,0.27675713746846436
390,zigzagoon,-0.8211941708113828
391,linoone,0.1535352206353342
392,wurmple,-1.2083309251854228
393,silcoon,-1.1440482861098293
394,beautifly,0.11233822578451753
395,cascoon,-1.1440482861098293
396,dustox,0.05180309688980928
397,sandshrew,-0.34975432673418094
398,lotad,-0.7819971921483689
399,lombre,0.021736353928707604
400,ludicolo,0.6356017479557989
401,seedot,-1.0354394909603934
402,nuzleaf,-0.5698282797023961
403,shiftry,0.4410059906282919
404,taillow,-0.7382711815003644
405,swellow,0.28009754713647783
406,wingull,-1.22551393771783
407,pelipper,0.44121312298813575
408,sandslash,0.5142272884354159
409,ralts,-1.2553727695478898
410,kirlia,-0.5742491541510687
411,gardevoir,0.8195424221091528
412,surskit,-0.577190686258039
413,masquerain,0.5240682379359423
414,shroomish,-0.3750254515594219
415,breloom,0.5361201950306625
416,slakoth,-0.31552580046215467
417,vigoroth,0.3279847199907004
418,slaking,1.3827000542741161
419,nidoran-f,-0.48929860270392284
420,nincada,-0.9604791092570356
421,ninjask,-0.16401686230749438
422,shedinja,-340.8555356625707
423,whismur,-0.8589545053444033
424,loudred,0.09485099261700711
425,exploud,0.7260380993329861
426,makuhita,-0.42159884424320354
427,hariyama,1.050608667827161
428,azurill,-0.8688317818390194
429,nosepass,-0.10712517092797551
430,venusaur,0.6384853986424617
431,nidorina,-0.04435632263809376
432,skitty,-0.5649405225735844
433,delcatty,0.08882233236251272
434,sableye,0.5073903475257651
435,mawile,0.24219529802048823
436,aron,-0.5244963450894443
437,lairon,0.06000820307467074
438,aggron,0.6210193595130693
439,meditite,-0.42376539073475006
440,medicham,0.28020257842662505
441,electrike,-0.41148643038486094
442,nidoqueen,0.7316793951384366
443,manectric,0.5691489677930719
444,plusle,-0.030367747589360786
445,minun,0.012144241826614714
446,volbeat,0.18019930416215602
447,illumise,0.3122987751909943
448,roselia,0.24103164676400743
449,gulpin,-0.2250456507850723
450,swalot,0.5120586479118812
451,carvanha,-1.2318007287229502
452,sharpedo,0.3985675404319811
453,nidoran-m,-0.6379852629819744
454,wailmer,0.3972707475633554
455,wailord,0.8886943417452522
456,numel,-0.24342948591065666
457,camerupt,1.3855236060731033
458,torkoal,1.271541908496681
459,spoink,-0.26493831199600654
460,grumpig,0.5099494302919269
461,spinda,0.007126105931468391
462,trapinch,-0.09755760617319602
463,vibrava,-0.3529897002386487
464,nidorino,-0.12630614796268613
465,flygon,0.6416711231520559
466,cacnea,-0.19434080700152898
467,cacturne,0.6130719788025907
468,swablu,-0.18356836792530654
469,altaria,0.4247117574971428
470,zangoose,0.6303717907806945
471,seviper,0.606622027390386
472,lunatone,0.6034801759542924
473,solrock,0.39064816142314257
474,barboach,-0.9114940910076513
475,nidoking,0.7679201574013133
476,whiscash,0.32812571467663487
477,corphish,-0.31055163019408355
478,crawdaunt,0.6642566919256055
479,baltoy,-0.509100847944518
480,claydol,0.42187778817551974
481,lileep,0.14295067495532907
482,cradily,0.6399814108394524
483,anorith,-0.027975889788396206
484,armaldo,0.9697497154541794
485,feebas,-1.7505092877993886
486,clefairy,-0.012871379044487022
487,milotic,0.6000877061626484
488,castform,0.3020745578223128
489,kecleon,0.46255904308379586
490,shuppet,-0.42486562378986137
491,banette,0.5227704267041035
492,duskull,-0.2341538690889336
493,dusclops,0.5139404273223128
494,tropius,0.5095893376080279
495,chimecho,0.6248902097753054
496,absol,0.7365880387653843
497,clefable,0.6978239699187843
498,wynaut,-0.7913873314527303
499,snorunt,-0.5681562234865754
500,glalie,0.4449485231278981
501,spheal,-0.3203421515728725
502,sealeo,0.24425148516335687
503,walrein,0.664013502902384
504,clamperl,-0.18156001493016416
505,huntail,0.39972623842215926
506,gorebyss,0.6095180912429287
507,relicanth,0.2899098111862144
508,vulpix,-0.3778688539224611
509,luvdisc,-0.4228221235263024
510,bagon,-0.5061705785256271
511,shelgon,0.18341480908842972
512,salamence,1.06466638386539
513,beldum,-0.4364639192880012
514,metang,0.4009756850153998
515,metagross,1.2550285946065647
516,regirock,0.747354368454685
517,regice,0.6246827392949077
518,registeel,0.7041775926356874
519,ninetales,0.7135406041671105
520,latias,0.8766226794884037
521,latios,1.0222964500120872
522,kyogre,1.8726070965873867
523,groudon,1.587336554103545
524,rayquaza,1.8338296828357712
525,jirachi,0.940889093075631
526,deoxys-normal,0.9834912824009757
527,turtwig,-0.1458270519621708
528,grotle,0.32016816091049893
529,torterra,0.9111267475562158
530,jigglypuff,-0.3868126449092963
531,chimchar,-0.21796454828759634
532,monferno,0.396967669717954
533,infernape,1.1155845764243386
534,piplup,-0.2064392522213387
535,prinplup,0.21690198746861256
536,empoleon,0.8414445106327632
537,starly,-0.7542040353072317
538,staravia,-0.05219473825520736
539,staraptor,0.9562958723611609
540,bidoof,-0.48320892003798
541,charmander,-0.26482182898409556
542,wigglytuff,0.5845006728560028
543,bibarel,0.2656949730280892
544,kricketot,-1.102301562458565
545,kricketune,0.17338517568453896
546,shinx,-0.5970765242025454
547,luxio,-0.025993566079085637
548,luxray,0.8047899001193618
549,budew,-0.5881512518308293
550,roserade,0.7863829155627245
551,cranidos,0.022703871353036358
552,rampardos,1.091552071116093
553,zubat,-0.6942846746899706
554,shieldon,-0.5143992748374648
555,bastiodon,0.16110426501734684
556,burmy,-0.9871920532287425
557,wormadam-plant,0.058473236076585756
558,mothim,0.13161752287559647
559,combee,-1.4760422355683667
560,vespiquen,0.32689239029567674
561,pachirisu,-0.03388134974898892
562,buizel,-0.47153436484003663
563,floatzel,0.48364426948758804
564,golbat,0.5056326220890865
565,cherubi,-0.5276556450012708
566,cherrim,0.1932282880407394
567,shellos,-0.09745635918356899
568,gastrodon,0.4597666299041692
569,ambipom,0.5265294875798129
570,drifloon,-0.19196693205028373
571,drifblim,0.6099307114722766
572,buneary,-0.20847037390577738
573,lopunny,0.36951499115791187
574,mismagius,0.6541809364738391
575,oddish,-0.12528602703178812
576,honchkrow,1.0969256602045359
577,glameow,-0.49300430781532395
578,purugly,0.26286934004027723
579,chingling,-0.31032799822551665
580,stunky,-0.06382113540992394
581,skuntank,0.6588306468593994
582,bronzor,-0.19306985809402935
583,bronzong,0.7264505674136087
584,bonsly,-0.2644747926763429
585,mime-jr,-0.5148589046670788
586,gloom,0.2570949498672491
587,happiny,-1.6747675577115602
588,chatot,0.44277472363848414
589,spiritomb,0.7161905271118948
590,gible,-0.491406559693115
591,gabite,0.05959756919351898
592,garchomp,0.9538649103298451
593,munchlax,0.4043544153431692
594,riolu,-0.3856817978029838
595,lucario,0.8846616825171638
596,hippopotas,-0.045140079773189686
597,vileplume,0.6947168240822652
598,hippowdon,0.8262483780973717
599,skorupi,-0.3885839624783035
600,drapion,0.7043759634528244
601,croagunk,-0.8836132714442005
602,toxicroak,0.4791807039539
603,carnivine,0.334378850958377
604,finneon,-0.24154198694156645
605,lumineon,0.2782691178538586
606,mantyke,-0.27413138091366096
607,snover,-0.478646588706735
608,paras,-0.9699905215446141
609,abomasnow,0.5465922053260789
610,weavile,0.24891413455966044
611,magnezone,0.6676480889446352
612,lickilicky,0.684246735207901
613,rhyperior,0.8434642658879882
614,tangrowth,0.6519907410681259
615,electivire,0.8646425471266572
616,magmortar,1.238017107019263
617,togekiss,1.1676146079999217
618,yanmega,0.7906598365149404
619,parasect,0.05182598355678766
620,leafeon,0.41039489040551924
621,glaceon,0.7839509278546091
622,gliscor,0.5428872469487421
623,mamoswine,0.9653503049631375
624,porygon-z,0.833945382924783
625,gallade,0.9949225720604769
626,probopass,0.32211984934403504
627,dusknoir,0.841941507341334
628,froslass,0.4427508006295651
629,rotom,0.44541396771671
630,venonat,-0.2984571827931531
631,uxie,0.644259833113778
632,mesprit,0.8707500705859738
633,azelf,0.9468449942512379
634,dialga,1.6094362825997701
635,palkia,1.5148226365214286
636,heatran,1.3550792064932609
637,regigigas,1.6036087244862325
638,giratina-altered,1.1681630012378241
639,cresselia,0.6060694939702209
640,phione,0.39633830725644026
641,venomoth,0.3982565211480208
642,manaphy,0.8322824215469741
643,darkrai,1.1979124125295024
644,shaymin-land,0.8663915042348753
645,arceus,1.4565857630846901
646,victini,1.5928757455745481
647,snivy,-0.5453658697770724
648,servine,-0.06886652648168819
649,serperior,0.2841674692950973
650,tepig,0.08601365077289279
651,pignite,0.7634609594985137
652,charmeleon,0.35847445862353366
653,diglett,-1.5810598913845715
654,emboar,1.428419415636863
655,oshawott,-0.24518974236633856
656,dewott,0.28558114447452376
657,samurott,0.8484512537398345
658,patrat,-0.592119634709379
659,watchog,0.3085122554901166
660,lillipup,-0.43619481918661285
661,herdier,0.18049883059285213
662,stoutland,0.8044686633967902
663,purrloin,-0.7577771952741316
664,dugtrio,0.03352943069411948
665,liepard,0.19773700423601384
666,pansage,-0.4917800606312067
667,simisage,0.43111249878969726
668,pansear,-0.16702701592849573
669,simisear,0.8135519003675031
670,panpour,-0.3727814640017846
671,simipour,0.494816148312945
672,munna,0.020915141919321686
673,musharna,0.7443003315665014
674,pidove,-0.5634950543364134
675,meowth,-0.7519542086697765
676,tranquill,-0.048761241304676954
677,unfezant,0.747142044970751
678,blitzle,-0.6911512850498645
679,zebstrika,0.5369803790138635
680,roggenrola,-0.733779204272029
681,boldore,0.03862434073407558
682,gigalith,0.8689498470936841
683,woobat,-0.15115005016583144
684,swoobat,0.2597999787970563
685,drilbur,-0.18237237510971308
686,persian,0.16000711454615457
687,excadrill,0.882660257767678
688,audino,0.4445005893634782
689,timburr,0.005909489351081459
690,gurdurr,0.5672806784887257
691,conkeldurr,1.1565542741163823
692,tympole,-0.5919660938192456
693,palpitoad,-0.28943058092114254
694,seismitoad,0.4904039154718598
695,throh,0.8224584502040376
696,sawk,0.9184413200315761
697,psyduck,-0.2365987398311495
698,sewaddle,-0.8191971369970638
699,swadloon,-0.41817739367571144
700,leavanny,0.18729421105101382
701,venipede,-0.8820631292682942
702,whirlipede,-0.19660118254489384
703,scolipede,0.48000207736593825
704,cottonee,-0.9516034625223588
705,whimsicott,0.12474094336041178
706,petilil,-0.4584251102014637
707,lilligant,0.3861954746947894
708,golduck,0.560477291651727
709,basculin-red-striped,0.41806973826875515
710,sandile,-0.6584460266099602
711,krokorok,-0.14651239620197865
712,krookodile,0.9618907494456602
713,darumaka,0.24133119328445704
714,darmanitan-standard,1.2243821264102253
715,maractus,0.38872760189413563
716,dwebble,-0.26524269837169456
717,crustle,0.7226322670119096
718,scraggy,0.10429732201361289
719,mankey,-0.2763036633568943
720,scrafty,0.7397663074285327
721,sigilyph,0.8971990079071697
722,yamask,-0.08870700641564357
723,cofagrigus,0.6633941228473614
724,tirtouga,-0.5290747448979649
725,carracosta,0.32813083748818866
726,archen,0.11992792989811657
727,archeops,1.0078084627785686
728,trubbish,-0.21299830456037308
729,garbodor,0.4779589180866186
730,primeape,0.6105367550499411
731,zorua,-0.37714008582383685
732,zoroark,0.6908362797985804
733,minccino,-0.5277946250177024
734,cinccino,0.3211074965664409
735,gothita,-0.2924939883450156
736,gothorita,0.22385162503391526
737,gothitelle,0.6219279921172134
738,solosis,-0.08221735523292034
739,duosion,0.4318997908134556
740,reuniclus,0.8805722690573208
741,growlithe,0.31827607158317306
742,ducklett,-0.4533724837115013
743,swanna,0.39589245739448264
744,vanillite,-0.5978839985111165
745,vanillish,-0.08429233068407624
746,vanilluxe,0.48626371348396197
747,deerling,-0.3564330076889954
748,sawsbuck,0.5245894278497478
749,emolga,0.4014468429789872
750,karrablast,-0.34996756392255196
751,escavalier,0.7569375054571897
752,arcanine,1.3966134852510874
753,foongus,-0.19761765979793672
754,amoonguss,0.5880982460696337
755,frillish-male,0.26549791498908487
756,jellicent-male,0.9412291860681045
757,alomomola,0.259349663004534
758,joltik,-0.1348611388470098
759,galvantula,0.5228404411522444
760,ferroseed,-0.2117909766225342
761,ferrothorn,0.6724054061319455
762,klink,-0.24827075325589532
763,charizard,0.9438317951314478
764,poliwag,-0.7007601712394768
765,klang,0.3553974566498212
766,klinklang,0.5918624954173675
767,tynamo,-0.8325090105534696
768,eelektrik,0.2634945695185918
769,eelektross,1.0121255145681867
770,elgyem,0.14997523237257415
771,beheeyem,0.9184818531494994
772,litwick,0.004705971464187402
773,lampent,0.5515870334061312
774,chandelure,1.4553878487391056
775,poliwhirl,-0.0805240578387293
776,axew,-0.13946051164008033
777,fraxure,0.4146179267070097
778,haxorus,1.0050581522183504
779,cubchoo,-0.48503032224079984
780,beartic,0.9188254464970168
781,cryogonal,0.13859113442346108
782,shelmet,-0.22766627177898976
783,accelgor,0.17060261314215275
784,stunfisk,0.5717190968052915
785,mienfoo,-0.047411263418181075
786,poliwrath,0.7444949654471659
787,mienshao,0.697895348804035
788,druddigon,0.8071224853898487
789,golett,0.016231470359771263
790,golurk,1.1579939505054297
791,pawniard,-0.4767420164927203
792,bisharp,0.5646330550742455
793,bouffalant,0.7614291194476756
794,rufflet,0.3146088261585271
795,braviary,1.136690478019528
796,vullaby,0.17271639137076553
797,abra,-1.2651045275630113
798,mandibuzz,0.6019231599636787
799,heatmor,1.0574508179540478
800,durant,0.2558331614300996
801,deino,-0.5685030231967698
802,zweilous,0.18885293740585962
803,hydreigon,1.1556446492172125
804,larvesta,0.09362354854538085
805,volcarona,1.3244247478918802
806,cobalion,0.8219269114763227
807,terrakion,1.111496172526108
808,kadabra,-0.13648252317724027
809,virizion,0.6885594694181099
810,tornadus-incarnate,1.1365937864803293
811,thundurus-incarnate,1.0993053923455267
812,reshiram,1.8823189522551071
813,zekrom,1.2811575238556474
814,landorus-incarnate,0.9138349628135892
815,kyurem,1.1753078648161408
816,keldeo-ordinary,0.977706977256315
817,meloetta-aria,0.9723546267947488
818,genesect,1.1350850561029977
819,alakazam,0.4814071996087174
820,chespin,-0.2528481018657203
821,quilladin,0.17435100439398146
822,chesnaught,0.7806228936913389
823,fennekin,-0.24758051214213253
824,braixen,0.5178229081174344
825,delphox,1.077437456781397
826,froakie,-0.5076950845728581
827,frogadier,0.09519430907801812
828,greninja,0.7018203878664044
829,bunnelby,-0.8805186717663765
830,machop,-0.006703041159245157
831,diggersby,0.2001070836765431
832,fletchling,-0.46292929345697414
833,fletchinder,-0.06827623106831365
834,talonflame,0.4409290624556568
835,scatterbug,-1.368103309059944
836,spewpa,-1.0694724585563848
837,vivillon,0.17578582260100614
838,litleo,0.1477860887880454
839,pyroar-male,0.8619529100475265
840,flabebe,-0.4153637629829497
841,machoke,0.5799190378434882
842,floette,-0.04621720208510076
843,florges,0.6615877579862192
844,skiddo,-0.1350087947891163
845,gogoat,0.7699260543861011
846,pancham,0.23408787849173757
847,pangoro,1.0981076035479749
848,furfrou,0.3118986126248755
849,espurr,-0.07703186642799394
850,meowstic-male,0.3830737966722797
851,honedge,-0.20896640389085858
852,machamp,1.115700248536638
853,doublade,0.38635117224058035
854,aegislash-shield,0.3531190297841178
855,spritzee,0.023522757199771694
856,aromatisse,0.5886295089401745
857,swirlix,-0.007137083276250177
858,slurpuff,0.5537903336905378
859,inkay,-0.5912845289573132
860,malamar,0.5201199161565327
861,binacle,-0.8205546572023421
862,barbaracle,0.47489406584842675
863,bellsprout,-0.5784037162431186
864,skrelp,-0.14693435783347314
865,dragalge,0.5763715208664592
866,clauncher,-0.07320093691067998
867,clawitzer,0.8453731578491447
868,helioptile,-0.6766547165807434
869,heliolisk,0.4236827627006815
870,tyrunt,0.10116358012376017
871,tyrantrum,0.8278352999624006
872,amaura,-0.7179899970661133
873,aurorus,0.346668662426314
874,squirtle,0.028341860354223633
875,weepinbell,0.056229016383108614
876,sylveon,0.6432364522033273
877,hawlucha,0.7533434193993092
878,dedenne,0.25295736505384053
879,carbink,0.13314839471637777
880,goomy,-0.4632352550101241
881,sliggoo,0.24585311886243422
882,goodra,0.9368984237398574
883,klefki,0.37228050346401526
884,phantump,-0.152465265861358
885,trevenant,0.9539872746201252
886,victreebel,0.5413771897782182
887,pumpkaboo-average,-0.08121182790221566
888,gourgeist-average,0.5352610108124666
889,bergmite,-0.3913782663300378
890,avalugg,0.7098947372149974
891,noibat,-1.06450377575497
892,noivern,0.6592626276728623
893,xerneas,1.2430527041329629
894,yveltal,2.114419773552084
895,zygarde-50,0.7897712524311461
896,diancie,0.7891012694071797
897,tentacool,-0.5759356704669804
898,hoopa,0.8489593128188019
899,volcanion,1.659987113848489
900,rowlet,-0.296124864587641
901,dartrix,0.30624132449752467
902,decidueye,0.9887933023068486
903,litten,-0.24870486993205937
904,torracat,0.35688955483790846
905,incineroar,1.2861531333711649
906,popplio,-0.18884752857720447
907,brionne,0.28870427151525196
908,tentacruel,0.4126891967030851
909,primarina,0.9863184222001837
910,pikipek,-0.586060362856942
911,trumbeak,0.18402553035044134
912,toucannon,0.9626926157724285
913,yungoos,-0.6298053000499465
914,gumshoos,0.6048968214848383
915,grubbin,-0.4910180093530119
916,charjabug,0.272847283377666
917,vikavolt,1.176545145941007
918,crabrawler,0.012898004735815153
919,geodude,-1.4710279844612886
920,crabominable,0.981086902847064
921,oricorio-baile,0.3337524474288963
922,cutiefly,-0.7153052964338289
923,ribombee,0.2294631022538638
924,rockruff,-0.8494256373195868
925,lycanroc-midday,0.5074666280908338
926,wishiwashi-solo,-1.3981451379111536
927,mareanie,-0.3438687715799714
928,toxapex,0.2928091183248749
929,mudbray,0.33060582548106604
930,graveler,-0.5682016342452445
931,mudsdale,0.9123990406426525
932,dewpider,-0.3271751336312324
933,araquanid,0.46152161259085955
934,fomantis,-0.9498126325972605
935,lurantis,0.5878845718804523
936,morelull,-0.48653372886917856
937,shiinotic,0.27057410710516355
938,salandit,-0.7694179043457784
939,salazzle,0.40359457890841605
940,stufful,-0.045565865325011994
941,golem,0.3839075459788109
942,bewear,0.9719463621289407
943,bounsweet,-1.0687944742193538
944,steenee,-0.6037483829406078
945,tsareena,0.6364321848232604
946,comfey,0.28129376068676637
947,oranguru,0.5773044158397796
948,passimian,0.8903408305884154
949,wimpod,-1.0773904594342913
950,golisopod,1.1094377895178646
951,sandygast,0.00730391002500083
952,ponyta,0.285674605667083
953,palossand,0.8058247928149237
954,pyukumuku,-0.4852286215535544
955,type-null,0.7143225465543926
956,silvally,0.8438679780581392
957,minior-red-meteor,0.29816326816495997
958,komala,0.678721110407663
959,turtonator,1.0587771036474405
960,togedemaru,0.18890594601398997
961,mimikyu-disguised,0.5053952691951228
962,bruxish,0.5030136790327369
963,rapidash,0.7394561073791848
964,drampa,0.958117820939972
965,dhelmise,1.1391274700252234
966,jangmo-o,-0.33417667833845077
967,hakamo-o,0.11454073403302611
968,kommo-o,0.9702937648728193
969,tapu-koko,0.7228580012570953
970,tapu-lele,0.885191737327111
971,tapu-bulu,0.9020248926805767
972,tapu-fini,0.735651324946397
973,cosmog,-1.5459852676567278
974,slowpoke,-0.13495472346344697
975,cosmoem,-0.5175003741026089
976,solgaleo,1.5697768708874826
977,lunala,1.3615776857695658
978,nihilego,0.6632102458131189
979,buzzwole,1.201945123034247
980,pheromosa,0.3742766947238458
981,xurkitree,1.1217619086380821
982,celesteela,1.3685246606998613
983,kartana,0.44685885273077747
984,guzzlord,1.0104579086947227
985,wartortle,0.4575350046610573
986,slowbro,0.7962971183592473
987,necrozma,1.1118007954157367
988,magearna,1.2834558825950724
989,marshadow,1.2989861383850558
990,poipole,-0.06764341591425486
991,naganadel,0.8373046510933869
992,stakataka,1.069033012260093
993,blacephalon,1.8961850002485598
994,zeraora,0.8287103478705439
995,meltan,-0.5716050743447338
996,melmetal,1.409376401479989
997,magnemite,-0.5440665917621677
998,grookey,-0.5102249848641002
999,thwackey,0.11328760964642563
1000,rillaboom,0.8690222495371037
1001,scorbunny,-0.2492967977053205
1002,raboot,0.3409041820351584
1003,cinderace,0.8978335513302451
1004,sobble,-0.5017998260720145
1005,drizzile,0.04843340805503957
1006,inteleon,0.7220297527999135
1007,skwovet,-0.25641454072578507
1008,magneton,0.2744804172100728
1009,greedent,0.6402429196735155
1010,rookidee,-0.7309764327797562
1011,corvisquire,0.0852410443617237
1012,corviknight,0.8209710845932712
1013,blipbug,-1.9026643282262263
1014,dottler,-0.09045944396147704
1015,orbeetle,0.46537849159232925
1016,nickit,-1.241635302725749
1017,thievul,0.3454671711419572
1018,gossifleur,-0.599756173943216
1019,farfetchd,0.49266362946376047
1020,eldegoss,0.21724708335334236
1021,wooloo,-0.7009890594110264
1022,dubwool,0.3368498056709842
1023,chewtle,-0.46223490279269747
1024,drednaw,0.5203365117603768
1025,yamper,-0.36069732191773723
1026,boltund,0.25693103301809134
1027,rolycoly,-1.026257799172792
1028,carkol,0.24087775705601852
1029,coalossal,0.9177227129814266
1030,doduo,-0.2029537197009009
1031,applin,-1.099537302504277
1032,flapple,0.2711930351366252
1033,appletun,0.6610397516970302
1034,silicobra,-0.2766746500786498
1035,sandaconda,0.5875283080735842
1036,cramorant,0.45408721467149465
1037,arrokuda,-0.6791037855977747
1038,barraskewda,0.45688128385481064
1039,toxel,-1.6520821051433277
1040,toxtricity-amped,0.364181516535844
1041,dodrio,0.6844654678238352
1042,sizzlipede,-0.25829990102098255
1043,centiskorch,1.2216188144695392
1044,clobbopus,-0.15949331244377885
1045,grapploct,0.7441483620009617
1046,sinistea,-0.14964934667366422
1047,polteageist,0.8712874012773826
1048,hatenna,-0.42599481043712223
1049,hattrem,0.2938179898988487
1050,hatterene,0.9744125213109999
1051,impidimp,-0.6176613559458088
1052,seel,-0.18123500625876765
1053,morgrem,0.14512336864116873
1054,grimmsnarl,1.064844882877331
1055,obstagoon,0.36086624179764704
1056,perrserker,0.5643526360318418
1057,cursola,1.1444968844428975
1058,sirfetchd,1.0523392894846622
1059,mr-rime,0.7760234564797768
1060,runerigus,0.7104285261340915
1061,milcery,-0.6326909227540201
1062,alcremie,0.6149600015577489
1063,dewgong,0.3084823270236038
1064,falinks,0.5327304837435123
1065,pincurchin,0.454352190482872
1066,snom,-2.283699983382717
1067,frosmoth,0.43681456337662855
1068,stonjourner,0.23297724844601664
1069,eiscue-ice,0.28816024451223216
1070,indeedee-male,0.42143687384265405
1071,morpeko-full-belly,0.26246557257559994
1072,cufant,0.12301444588115279
1073,copperajah,1.2471428428116809
1074,grimer,0.049126527696751215
1075,dracozolt,0.6388775317950451
1076,arctozolt,0.625048980719798
1077,dracovish,0.6690089219329951
1078,arctovish,0.4984959310029858
1079,duraludon,0.8901363475720696
1080,dreepy,-1.3555968516532513
1081,drakloak,0.0025210425094755514
1082,dragapult,0.8166526058357608
1083,zacian,0.9263962703342296
1084,zamazenta,1.0857463189003118
1085,muk,0.7009318553735999
1086,eternatus,1.2384798839622837
1087,kubfu,0.19781190675214103
1088,urshifu-single-strike,1.3261568545432632
1089,zarude,0.9129599831522427
1090,regieleki,0.3912937663189574
1091,regidrago,1.0509153088013565
1092,glastrier,1.1982685725008078
1093,spectrier,0.9898163123607505
1094,calyrex,0.2992551300084102
1095,wyrdeer,0.7665605738258616
1096,blastoise,0.9391766902662313
1097,shellder,-0.942390901275959
1098,kleavor,0.9391808680339487
1099,ursaluna,1.3486878345594315
1100,basculegion-male,0.840433205712626
1101,sneasler,0.60572858682362
1102,overqwil,0.7445367561079881
1103,enamorus-incarnate,0.9028961358600837
1104,sprigatito,-0.6064244580920335
1105,floragato,-0.00903770755338767
1106,meowscarada,0.48955460324992156
1107,fuecoco,0.061115259774776595
1108,cloyster,0.13125576205369094
1109,crocalor,0.63031193321299
1110,skeledirge,1.1898320454915396
1111,quaxly,-0.28186216879319376
1112,quaxwell,0.21138086138361117
1113,quaquaval,1.0255714325380896
1114,lechonk,-0.6913760727171304
1115,oinkologne-male,0.4869068599045093
1116,tarountula,-0.7735954965286749
1117,spidops,0.35682914743148564
1118,nymble,-1.1005911233539367
1119,gastly,-0.47659813975923815
1120,lokix,0.4933699586039579
1121,pawmi,-1.1717405627043407
1122,pawmo,-0.35386792473500206
1123,pawmot,0.8824962923814598
1124,tandemaus,-0.5665647288019658
1125,maushold-family-of-four,0.11014682355120528
1126,fidough,-0.36296662955263365
1127,dachsbun,0.25994576508561257
1128,smoliv,-0.7606586242555359
1129,dolliv,-0.16052351709839147
1130,haunter,0.3421072493141887
1131,arboliva,0.7436105530140621
1132,squawkabilly-green-plumage,0.4485499378164034
1133,nacli,-0.6515592118666961
1134,naclstack,-0.14673335968450615
1135,garganacl,0.598336123553075
1136,charcadet,-0.5422534240128065
1137,armarouge,1.556424867679994
1138,ceruledge,1.1047174671414026
1139,tadbulb,-0.36846687585923216
1140,bellibolt,0.5858307490325292
1141,gengar,0.8760200673025957
1142,wattrel,-0.365189506936605
1143,kilowattrel,0.7583736197454718
1144,maschiff,-0.13218095403854266
1145,mabosstiff,0.610503735922058
1146,shroodle,-0.7442261076922327
1147,grafaiai,0.27371322762096967
1148,bramblin,-0.8301055437916502
1149,brambleghast,0.5094616502041425
1150,toedscool,-0.9049979375982282
1151,toedscruel,0.29818757450534306
1152,onix,-1.532237271999184
1153,klawf,0.2945465606666737
1154,capsakid,-0.5869523595314105
1155,scovillain,1.1055283905695605
1156,rellor,-0.3886194961262263
1157,rabsca,0.8213559705634038
1158,flittle,-1.189720580625727
1159,espathra,0.43996000785115097
1160,tinkatink,-0.39968509448192546
1161,tinkatuff,-0.06434562407488444
1162,tinkaton,0.6659545158111221
1163,drowzee,-0.19754165252431685
1164,wiglett,-1.776015169890386
1165,wugtrio,-0.06228424793764286
1166,bombirdier,0.8062619326141938
1167,finizen,-0.4270711698995209
1168,palafin-zero,0.36566624557204375
1169,varoom,-0.6806585851285173
1170,revavroom,0.5137467690871366
1171,cyclizar,0.3705582853475621
1172,orthworm,0.3767199414254172
1173,glimmet,-0.41158678023946754
1174,hypno,0.49640391674077233
1175,glimmora,0.9364768992913277
1176,greavard,-0.12031446967148426
1177,houndstone,0.6903229772351847
1178,flamigo,1.0321283514077582
1179,cetoddle,-0.06884840418968735
1180,cetitan,0.6857471269274658
1181,veluza,0.41523810600596767
1182,dondozo,0.7801020571199986
1183,tatsugiri-curly,0.6780438079432025
1184,annihilape,1.1063668914964357
1185,krabby,-0.5391774412128657
1186,clodsire,0.3816436107503065
1187,farigiraf,0.7993354550558527
1188,dudunsparce-two-segment,0.7961057525145313
1189,kingambit,0.9466847402666525
1190,great-tusk,1.1819801695736039
1191,scream-tail,0.5728913582916954
1192,brute-bonnet,0.9269925960404886
1193,flutter-mane,1.0060972198292817
1194,slither-wing,1.3284883093572455
1195,sandy-shocks,0.9105098433995213
1196,kingler,0.5082991723975883
1197,iron-treads,1.0046474056391907
1198,iron-bundle,0.4599413331365691
1199,iron-hands,1.4187945797171322
1200,iron-jugulis,1.237392088773202
1201,iron-moth,1.0924524218633236
1202,iron-thorns,1.0012388084061679
1203,frigibax,-0.374304623548461
1204,arctibax,0.27005840003547793
1205,baxcalibur,1.243288895789961
1206,gimmighoul,0.058586814572948974
